{
    "x_test": [
        0.579,
        0.579,
        0.5797,
        0.5788,
        0.57937359375,
        0.5793,
        0.57905,
        0.57894264,
        0.57936,
        0.5794,
        0.58017678,
        0.58027,
        0.58007,
        0.5800557299,
        0.579575416,
        0.57972,
        0.579596472,
        0.57995,
        0.58001,
        0.5796810069,
        0.57964,
        0.5793,
        0.57989,
        0.57952,
        0.578826612,
        0.57955,
        0.57963357405,
        0.57959,
        0.57962,
        0.57969,
        0.5791,
        0.5793,
        0.57948765,
        0.5796729232,
        0.57964,
        0.57974,
        0.5794,
        0.5791,
        0.5791,
        0.57953,
        0.57961,
        0.5793,
        0.5796,
        0.5799,
        0.57977,
        0.57987,
        0.5796,
        0.57991,
        0.57997,
        0.57997,
        0.579800138,
        0.5795931,
        0.57945,
        0.5791,
        0.5793736,
        0.57962,
        0.579939609094536,
        0.58018,
        0.5798,
        0.58024,
        0.5802,
        0.58048,
        0.5803,
        0.5806554
    ],
    "x_hat": [
        0.5803,
        0.58005,
        0.5801900742,
        0.58004832,
        0.580287876,
        0.57995,
        0.5798585775,
        0.5798386075,
        0.5795833,
        0.57996665,
        0.5796,
        0.57970437,
        0.57974,
        0.579826667,
        0.57970437,
        0.5796,
        0.58019,
        0.58018,
        0.58019449475,
        0.58,
        0.5795,
        0.58006,
        0.5803859088,
        0.57999,
        0.5794,
        0.57982,
        0.57996,
        0.5795,
        0.5792,
        0.57981,
        0.580034424,
        0.58013,
        0.58041,
        0.58023,
        0.58012,
        0.58036,
        0.58039,
        0.58051,
        0.58044,
        0.58041,
        0.58039,
        0.58022,
        0.5798,
        0.5804,
        0.58038868615,
        0.58036,
        0.58023,
        0.5797,
        0.57992,
        0.5799581756,
        0.57998,
        0.5799710623,
        0.57989,
        0.58004,
        0.58,
        0.5803927374,
        0.58079,
        0.58079,
        0.58074235155,
        0.58074,
        0.58077,
        0.580811507,
        0.581,
        0.58075
    ],
    "y_test": [
        0.5816419720649719,
        0.5814046263694763,
        0.5810273289680481,
        0.5815662741661072,
        0.581584095954895,
        0.5818837881088257,
        0.581437349319458,
        0.5815940499305725,
        0.5812031030654907,
        0.5812469124794006,
        0.5811975002288818,
        0.5819466710090637,
        0.5815114378929138,
        0.5819311738014221,
        0.5817500352859497,
        0.5813932418823242,
        0.5816927552223206,
        0.5812793374061584,
        0.5815398097038269,
        0.5814263224601746,
        0.581546425819397,
        0.5816170573234558,
        0.5816516876220703,
        0.5817021727561951,
        0.5815263986587524,
        0.5816980004310608,
        0.5820315480232239,
        0.5818746089935303,
        0.5812475085258484,
        0.5820630192756653,
        0.5819388031959534,
        0.581981360912323
    ],
    "y_hat": [
        0.5807499885559082,
        0.5810302495956421,
        0.5803244709968567,
        0.5805788636207581,
        0.5803755521774292,
        0.5803517699241638,
        0.5803466439247131,
        0.5797353982925415,
        0.5791534781455994,
        0.5789633393287659,
        0.578740119934082,
        0.5795583128929138,
        0.5786495804786682,
        0.5784362554550171,
        0.579037606716156,
        0.5785121917724609,
        0.5787118673324585,
        0.5785420536994934,
        0.5793412923812866,
        0.5782705545425415,
        0.5786013603210449,
        0.5794751644134521,
        0.578816294670105,
        0.5786738395690918,
        0.5788035988807678,
        0.5789569020271301,
        0.5787183046340942,
        0.5790392160415649,
        0.5787423849105835,
        0.579494833946228,
        0.5796772241592407,
        0.5793890953063965
    ],
    "n": 64,
    "m": -4.876649711837941e-05,
    "extra_info": "",
    "time_base": 15,
    "end_time": "2023-11-24-17-53-13"
}