{
    "x_test": [
        0.5794,
        0.58027,
        0.5800557299,
        0.57972,
        0.57995,
        0.5796810069,
        0.5793,
        0.57952,
        0.57955,
        0.57959,
        0.57969,
        0.5793,
        0.5796729232,
        0.57974,
        0.5791,
        0.57953,
        0.5793,
        0.5799,
        0.57987,
        0.57991,
        0.57997,
        0.5795931,
        0.5791,
        0.57962,
        0.58018,
        0.58024,
        0.58048,
        0.5806554,
        0.58005,
        0.58004832,
        0.57995,
        0.5798386075,
        0.57996665,
        0.57970437,
        0.579826667,
        0.5796,
        0.58018,
        0.58,
        0.58006,
        0.57999,
        0.57982,
        0.5795,
        0.57981,
        0.58013,
        0.58023,
        0.58036,
        0.58051,
        0.58041,
        0.58022,
        0.5804,
        0.58036,
        0.5797,
        0.5799581756,
        0.5799710623,
        0.58004,
        0.5803927374,
        0.58079,
        0.58074,
        0.580811507,
        0.58056,
        0.5809828083,
        0.580851246,
        0.58088,
        0.58069,
        0.581005032,
        0.5807,
        0.58092,
        0.580982748,
        0.58063,
        0.578239116,
        0.5803,
        0.58058,
        0.58037525,
        0.5812061277,
        0.58084505845,
        0.57994,
        0.5802656905,
        0.579635422,
        0.5797,
        0.57957488175,
        0.57988,
        0.57998,
        0.57985,
        0.5795,
        0.580163328,
        0.58035,
        0.5795,
        0.58091,
        0.580914332,
        0.58094,
        0.58144735425,
        0.5805
    ],
    "x_hat": [
        0.58163,
        0.58161,
        0.5809298072,
        0.58123094,
        0.58056,
        0.58130591,
        0.5813,
        0.5805,
        0.58117,
        0.5805,
        0.5806,
        0.58132,
        0.58176,
        0.58171,
        0.58164,
        0.581530612,
        0.5815,
        0.5816120457,
        0.5811,
        0.5815042,
        0.5814128554,
        0.581642768,
        0.58195,
        0.5820474141,
        0.58191,
        0.582261206,
        0.58237,
        0.5830284715,
        0.58293,
        0.5828701764,
        0.5826728204,
        0.58262,
        0.58292,
        0.5827586,
        0.58225,
        0.58287339,
        0.582507744,
        0.58251,
        0.58197,
        0.58181,
        0.58182,
        0.58205,
        0.58197,
        0.5818,
        0.5824,
        0.58309,
        0.58309,
        0.58294,
        0.58242914,
        0.58185652635,
        0.58202,
        0.5823689133,
        0.58202553325,
        0.5821,
        0.5833561525,
        0.5837,
        0.5838214986,
        0.58378,
        0.58336,
        0.58292,
        0.5832,
        0.583647916,
        0.583854817,
        0.58352,
        0.583,
        0.5836754,
        0.58368,
        0.58327,
        0.583505014,
        0.5838,
        0.58375,
        0.5834326575,
        0.583337188555432,
        0.5843669376,
        0.5835389742,
        0.583556505,
        0.58348605,
        0.5831817502,
        0.58306,
        0.58295,
        0.58289,
        0.58255,
        0.58232,
        0.58195,
        0.58205,
        0.58216,
        0.58183,
        0.58141122,
        0.581460933,
        0.58086,
        0.580976448,
        0.5813
    ],
    "y_test": [
        0.5815593935841376,
        0.5821377419569144,
        0.5829375744454145,
        0.584042735327093,
        0.5848071762720745,
        0.5856598714987437,
        0.5854138831297556,
        0.585842102766037,
        0.5857835511366526,
        0.5855515698591868,
        0.585437148809433,
        0.5856113036473592,
        0.5860736966133118,
        0.5859556198120117,
        0.5860129694143931,
        0.5860671599706014,
        0.5865333875020345,
        0.586422731479009,
        0.5864810744921366,
        0.5866018335024515,
        0.5865483482678732,
        0.5864630242188772,
        0.586062361796697,
        0.5861428479353586,
        0.5857560733954111,
        0.5854961971441904,
        0.5856102903683981,
        0.58575838804245,
        0.5859374105930328,
        0.5858218272527059,
        0.5861530701319376,
        0.5862219929695129,
        0.5866885681947073,
        0.5868306358655294,
        0.5868125359217325,
        0.5869795382022858,
        0.5873965819676717,
        0.5877291560173035,
        0.5871337056159973,
        0.5866550902525584,
        0.5866831839084625,
        0.5864466826121012,
        0.5860042770703634,
        0.585391640663147,
        0.5853920678297678,
        0.5854806403319041,
        0.5851505895455679,
        0.5846941967805227
    ],
    "y_hat": [
        0.5812181035363165,
        0.5811603801853593,
        0.5809063683506727,
        0.5813308459501343,
        0.5812611943562823,
        0.5813977420330048,
        0.5814263224601746,
        0.5812791486581167,
        0.5818432668844858,
        0.5814671715100607,
        0.5811992883682251,
        0.5809805691242218,
        0.5810922284921011,
        0.5817174514134725,
        0.5815602938334147,
        0.5817691683769226,
        0.5825873613357544,
        0.582575927178065,
        0.582450936237971,
        0.5822523832321167,
        0.5819322367509207,
        0.5818127592404684,
        0.5808437665303549,
        0.5811739166577657,
        0.5808527072270712,
        0.5806441406408945,
        0.5811599791049957,
        0.5807212392489115,
        0.5808683236440023,
        0.5804927150408427,
        0.5808587074279785,
        0.5808255672454834,
        0.5805621643861135,
        0.5808498958746592,
        0.5814439555009207,
        0.5818575322628021,
        0.5817650258541107,
        0.582251658042272,
        0.5821413596471151,
        0.5824439326922098,
        0.5824557145436605,
        0.5821107824643453,
        0.582357237736384,
        0.5819728970527649,
        0.5820945898691813,
        0.5825875302155813,
        0.5827407836914062,
        0.5830681721369425
    ],
    "n": 92,
    "m": 1.9341407649591932e-05,
    "extra_info": "",
    "time_base": 30,
    "end_time": "2023-11-29-11-15-35"
}