{
    "x_test": [
        0.579366252,
        0.57897738,
        0.5790421404,
        0.5793624976,
        0.5793137757,
        0.579114426,
        0.57942,
        0.57933,
        0.578872476,
        0.5783,
        0.57907,
        0.57895,
        0.5785,
        0.578772015,
        0.5784,
        0.5784,
        0.5778,
        0.5771,
        0.5772,
        0.5782256222,
        0.57777,
        0.577670338,
        0.578992204,
        0.57947,
        0.5796662394,
        0.5792,
        0.580206916,
        0.5805194906,
        0.5802068365,
        0.58027,
        0.57998,
        0.579145592,
        0.57936,
        0.57877,
        0.57893847915,
        0.5783941584,
        0.57864,
        0.57844,
        0.5781,
        0.57848,
        0.578,
        0.57856,
        0.57861552,
        0.5781,
        0.57815,
        0.57812716,
        0.57802,
        0.5780861244,
        0.5782487025,
        0.5783,
        0.57807,
        0.57821,
        0.57836,
        0.578371808,
        0.57849292,
        0.578381621,
        0.57874,
        0.57871,
        0.57857,
        0.57823,
        0.5785733035,
        0.57846,
        0.578686599,
        0.57867,
        0.57925,
        0.57966,
        0.57942,
        0.5800188845,
        0.5794,
        0.57967,
        0.57959745155,
        0.579,
        0.5788,
        0.5793,
        0.57894264,
        0.5794,
        0.58027,
        0.5800557299,
        0.57972,
        0.57995,
        0.5796810069,
        0.5793,
        0.57952,
        0.57955,
        0.57959,
        0.57969,
        0.5793,
        0.5796729232,
        0.57974,
        0.5791,
        0.57953,
        0.5793
    ],
    "x_hat": [
        0.5795931,
        0.5791,
        0.57962,
        0.58018,
        0.58024,
        0.58048,
        0.5806554,
        0.58005,
        0.58004832,
        0.57995,
        0.5798386075,
        0.57996665,
        0.57970437,
        0.579826667,
        0.5796,
        0.58018,
        0.58,
        0.58006,
        0.57999,
        0.57982,
        0.5795,
        0.57981,
        0.58013,
        0.58023,
        0.58036,
        0.58051,
        0.58041,
        0.58022,
        0.5804,
        0.58036,
        0.5797,
        0.5799581756,
        0.5799710623,
        0.58004,
        0.5803927374,
        0.58079,
        0.58074,
        0.580811507,
        0.58056,
        0.5809828083,
        0.580851246,
        0.58088,
        0.58069,
        0.581005032,
        0.5807,
        0.58092,
        0.580982748,
        0.58063,
        0.578239116,
        0.5803,
        0.58058,
        0.58037525,
        0.5812061277,
        0.58084505845,
        0.57994,
        0.5802656905,
        0.579635422,
        0.5797,
        0.57957488175,
        0.57988,
        0.57998,
        0.57985,
        0.5795,
        0.580163328,
        0.58035,
        0.5795,
        0.58091,
        0.580914332,
        0.58094,
        0.58144735425,
        0.5805,
        0.58088,
        0.5812995035,
        0.58083,
        0.58107613185,
        0.58163,
        0.58161,
        0.5809298072,
        0.58123094,
        0.58056,
        0.58130591,
        0.5813,
        0.5805,
        0.58117,
        0.5805,
        0.5806,
        0.58132,
        0.58176,
        0.58171,
        0.58164,
        0.581530612,
        0.5815
    ],
    "y_test": [
        0.5829023190975207,
        0.5865612924098969,
        0.5866068601608276,
        0.5874835848808289,
        0.5877325534820557,
        0.5873002111911774,
        0.5863583385944366,
        0.5869526565074921,
        0.5886068642139435,
        0.5876147449016571,
        0.5870182812213898,
        0.5874190628528595,
        0.5878744125366211,
        0.5873878300189972,
        0.5863545835018158,
        0.5867985486984253,
        0.588792085647583,
        0.5880432724952698,
        0.5867350995540654,
        0.58666688203812,
        0.5855392813682556,
        0.5854115784168243,
        0.5855764746665955,
        0.5856617391109467,
        0.5849784016609192,
        0.5845734477043152,
        0.584873229265213,
        0.5855613350868225,
        0.5859800279140472,
        0.5853937566280365,
        0.5854141712188721,
        0.5856243073940277,
        0.5870182514190674,
        0.5872257649898529,
        0.5867452621459961,
        0.5867415368556976,
        0.5867179930210114,
        0.5874782204627991,
        0.5859376490116119,
        0.5840888917446136,
        0.5848727524280548,
        0.5849772393703461,
        0.5846515595912933,
        0.584794819355011,
        0.5845745503902435,
        0.5856790840625763,
        0.5857109129428864,
        0.584486186504364
    ],
    "y_hat": [
        0.5814999969005576,
        0.581104040145874,
        0.5808126926422119,
        0.5816196799278259,
        0.5817463099956512,
        0.5808991491794586,
        0.5796881020069122,
        0.5803058743476868,
        0.581262081861496,
        0.581291526556015,
        0.5810442864894867,
        0.5805497765541077,
        0.5807256996631622,
        0.5801453590393066,
        0.5803130269050598,
        0.5809782445430756,
        0.5815393030643463,
        0.5809970796108246,
        0.5801792740821838,
        0.5806289315223694,
        0.5802627503871918,
        0.5797069370746613,
        0.5793195962905884,
        0.5796273648738861,
        0.5790510475635529,
        0.5786707401275635,
        0.5793105661869049,
        0.5790565609931946,
        0.5793098211288452,
        0.57950159907341,
        0.5795003473758698,
        0.5793237090110779,
        0.5802981853485107,
        0.5810270011425018,
        0.5806600451469421,
        0.5803990662097931,
        0.5809221267700195,
        0.581940084695816,
        0.581087589263916,
        0.5797417461872101,
        0.5802275538444519,
        0.5807091593742371,
        0.5805008113384247,
        0.5798738598823547,
        0.5796283781528473,
        0.5802452862262726,
        0.5802538394927979,
        0.5790536403656006
    ],
    "n": 92,
    "m": -2.242217272766094e-05,
    "extra_info": "",
    "time_base": 30,
    "end_time": "2023-11-27-21-58-26"
}