{
    "x_test": [
        0.6555,
        0.6551,
        0.65524,
        0.65584,
        0.65577,
        0.6556,
        0.656,
        0.65572,
        0.6552,
        0.655,
        0.65567,
        0.65545,
        0.65537,
        0.65509,
        0.6554,
        0.65445,
        0.65412,
        0.6532,
        0.6534,
        0.65402,
        0.65384,
        0.65303,
        0.6538,
        0.65474,
        0.65539,
        0.65517,
        0.65612,
        0.65683,
        0.65635,
        0.65645,
        0.65627,
        0.65633,
        0.65525,
        0.65351,
        0.65347,
        0.65248,
        0.65329,
        0.6534,
        0.65339,
        0.65424,
        0.65396,
        0.65438,
        0.65408,
        0.6543,
        0.65402,
        0.65399,
        0.65405,
        0.65421,
        0.65422,
        0.65369,
        0.65402,
        0.6541,
        0.65421,
        0.6544,
        0.6547,
        0.6547,
        0.6553,
        0.6554,
        0.65543,
        0.6549,
        0.65557,
        0.655,
        0.65529,
        0.65535,
        0.6561,
        0.6567,
        0.65649,
        0.6571,
        0.65712,
        0.65669,
        0.65663,
        0.65606,
        0.65623,
        0.656,
        0.6561,
        0.6566,
        0.65661,
        0.65609,
        0.65556,
        0.6557,
        0.65577,
        0.65549,
        0.6559,
        0.65628,
        0.65614,
        0.65606,
        0.65629,
        0.65608,
        0.6558,
        0.65587,
        0.6556,
        0.65598
    ],
    "x_hat": [
        0.6555,
        0.6558,
        0.6557,
        0.6558,
        0.656,
        0.65662,
        0.65685,
        0.65622,
        0.656,
        0.65573,
        0.65537,
        0.6557,
        0.6557,
        0.65569,
        0.6562,
        0.65649,
        0.6566,
        0.656,
        0.6564,
        0.65558,
        0.65602,
        0.65641,
        0.65669,
        0.65655,
        0.6563,
        0.65681,
        0.65688,
        0.65682,
        0.65712,
        0.65764,
        0.65698,
        0.65644,
        0.65699,
        0.65699,
        0.65812,
        0.65832,
        0.65861,
        0.6583,
        0.65833,
        0.65833,
        0.65895,
        0.65894,
        0.6588,
        0.65896,
        0.65893,
        0.65887,
        0.65886,
        0.6586,
        0.65508,
        0.658,
        0.65797,
        0.6575,
        0.65939,
        0.65873,
        0.65741,
        0.6577,
        0.6569,
        0.65725,
        0.65685,
        0.65736,
        0.65753,
        0.65755,
        0.65814,
        0.65835,
        0.65912,
        0.65854,
        0.65963,
        0.65983,
        0.65943,
        0.65963,
        0.65934,
        0.66035,
        0.66023,
        0.66026,
        0.66013,
        0.66057,
        0.66092,
        0.66008,
        0.65974,
        0.65899,
        0.6599,
        0.65992,
        0.65946,
        0.65952,
        0.65904,
        0.65932,
        0.65976,
        0.66034,
        0.66077,
        0.66078,
        0.66053,
        0.66064
    ],
    "y_test": [
        0.6588873014354704,
        0.6624575555324554,
        0.6626445055007935,
        0.6615425050258636,
        0.6620203852653503,
        0.6621455252170563,
        0.6612629294395447,
        0.6623140275478363,
        0.6623485386371613,
        0.6617881953716278,
        0.6638412177562714,
        0.6634525954723358,
        0.6624543368816376,
        0.6631612181663513,
        0.6624439656734467,
        0.6619421243667603,
        0.6622381806373596,
        0.6630166172981262,
        0.6624051630496979,
        0.6622507274150848,
        0.6622774600982666,
        0.6613772809505463,
        0.6622203290462494,
        0.6638182103633881,
        0.6638422012329102,
        0.6633217334747314,
        0.6629833877086639,
        0.6624969244003296,
        0.6630645096302032,
        0.6640799343585968,
        0.6645002961158752,
        0.6640327870845795,
        0.6622757017612457,
        0.662778377532959,
        0.6632438004016876,
        0.6615031957626343,
        0.6619360446929932,
        0.662236899137497,
        0.6617054343223572,
        0.6612078547477722,
        0.6596787869930267,
        0.6589171588420868,
        0.6592901349067688,
        0.660791426897049,
        0.6604439318180084,
        0.6594385504722595,
        0.6613757014274597,
        0.6618500351905823
    ],
    "y_hat": [
        0.6606400006484989,
        0.6609945893287659,
        0.661885529756546,
        0.6618433892726898,
        0.6623581349849701,
        0.6618053913116455,
        0.6617301106452942,
        0.662570983171463,
        0.6623167395591736,
        0.6625517904758453,
        0.6635380983352661,
        0.6636595129966736,
        0.662014901638031,
        0.6613468825817108,
        0.66107377409935,
        0.6603876948356628,
        0.6604158580303192,
        0.6617062091827393,
        0.6619114875793457,
        0.6622999608516693,
        0.6626095473766327,
        0.6613627672195435,
        0.6611732542514801,
        0.6626777350902557,
        0.6630643010139465,
        0.662223756313324,
        0.6622311770915985,
        0.6622709035873413,
        0.6620944142341614,
        0.6612757742404938,
        0.6617827713489532,
        0.6622119247913361,
        0.6601423025131226,
        0.6599201560020447,
        0.6606407761573792,
        0.6600976288318634,
        0.6606598794460297,
        0.6604491472244263,
        0.6605982780456543,
        0.6608143448829651,
        0.6601172983646393,
        0.6597662270069122,
        0.6583749353885651,
        0.6595808863639832,
        0.6593101918697357,
        0.6584233641624451,
        0.6599730849266052,
        0.6603496074676514
    ],
    "n": 92,
    "m": -5.532614316932613e-05,
    "extra_info": "",
    "time_base": 30,
    "end_time": "2023-11-27-21-58-23"
}