{
    "x_test": [
        0.65712,
        0.65669,
        0.65663,
        0.65606,
        0.65623,
        0.656,
        0.6561,
        0.6566,
        0.65661,
        0.65609,
        0.65556,
        0.6557,
        0.65577,
        0.65549,
        0.6559,
        0.65628,
        0.65614,
        0.65606,
        0.65629,
        0.65608,
        0.6558,
        0.65587,
        0.6556,
        0.65598,
        0.6558,
        0.65586,
        0.65588,
        0.65587,
        0.6555,
        0.6558,
        0.6557,
        0.6558,
        0.656,
        0.65662,
        0.65685,
        0.65622,
        0.656,
        0.65573,
        0.65537,
        0.6557,
        0.6557,
        0.65569,
        0.6562,
        0.65649,
        0.6566,
        0.656,
        0.6564,
        0.65558,
        0.65602,
        0.65641,
        0.65669,
        0.65655,
        0.6563,
        0.65681,
        0.65688,
        0.65682,
        0.65712,
        0.65764,
        0.65698,
        0.65644,
        0.65699,
        0.65699,
        0.65812,
        0.65832,
        0.65861,
        0.6583,
        0.65833,
        0.65833,
        0.65895,
        0.65894,
        0.6588,
        0.65896,
        0.65893,
        0.65887,
        0.65886,
        0.6586,
        0.65508,
        0.658,
        0.65797,
        0.6575,
        0.65939,
        0.65873,
        0.65741,
        0.6577,
        0.6569,
        0.65725,
        0.65685,
        0.65736,
        0.65753,
        0.65755,
        0.65814,
        0.65835
    ],
    "x_hat": [
        0.65943,
        0.65963,
        0.65934,
        0.66035,
        0.66023,
        0.66026,
        0.66013,
        0.66057,
        0.66092,
        0.66008,
        0.65974,
        0.65899,
        0.6599,
        0.65992,
        0.65946,
        0.65952,
        0.65904,
        0.65932,
        0.65984,
        0.66034,
        0.66077,
        0.66078,
        0.66053,
        0.66063,
        0.66063,
        0.6606,
        0.6605,
        0.66028,
        0.6608,
        0.66131,
        0.66141,
        0.66134,
        0.66145,
        0.66186,
        0.66257,
        0.66241,
        0.66236,
        0.66188,
        0.66183,
        0.662,
        0.662,
        0.66139,
        0.66198,
        0.6617,
        0.66092,
        0.66078,
        0.66026,
        0.66045,
        0.66116,
        0.66153,
        0.6612,
        0.66147,
        0.66188,
        0.66141,
        0.66162,
        0.66095,
        0.66149,
        0.66209,
        0.66306,
        0.66239,
        0.66273,
        0.66415,
        0.66511,
        0.66587,
        0.66603,
        0.66579,
        0.66396,
        0.664,
        0.66452,
        0.66521,
        0.66416,
        0.66448,
        0.6644,
        0.6648,
        0.6647,
        0.66466,
        0.66554,
        0.6656,
        0.66507,
        0.66565,
        0.66688,
        0.66573,
        0.66575,
        0.6657,
        0.66511,
        0.66488,
        0.66473,
        0.66496,
        0.66464,
        0.66441,
        0.66393,
        0.66408
    ],
    "y_test": [
        0.6583239239343008,
        0.659245603373846,
        0.6603227304681146,
        0.6611169287745161,
        0.6621679579575854,
        0.6627052525679282,
        0.663367807865144,
        0.6634365220864625,
        0.663304130236309,
        0.6634617646535249,
        0.6639378766218833,
        0.6641741096973419,
        0.6639731228351593,
        0.6638990044593811,
        0.66392582654953,
        0.6637131174405416,
        0.6627807716528574,
        0.663009782632192,
        0.6629169583320618,
        0.6632434725761414,
        0.6634463866551717,
        0.663503497838974,
        0.6638919611771902,
        0.6641918321450552,
        0.6643171707789103,
        0.6640361646811167,
        0.6639974613984426,
        0.6642755270004272,
        0.6642718811829885,
        0.6635172764460245,
        0.6635511616865793,
        0.6637090643246969,
        0.6631923119227091,
        0.6630109945933024,
        0.6626234253247579,
        0.6626152594884237,
        0.6626599828402201,
        0.6622172693411509,
        0.6626152098178864,
        0.6625300049781799,
        0.6625360449155172,
        0.6623056729634603,
        0.6614691118399302,
        0.6617922981580099,
        0.6610431373119354,
        0.6609890758991241,
        0.6612326006094614,
        0.6618281106154124
    ],
    "y_hat": [
        0.6643500039609265,
        0.6644227856890351,
        0.664431419995625,
        0.664438641271591,
        0.6647671123472859,
        0.6648172040780397,
        0.6649108827114117,
        0.6646358370780957,
        0.6645338435967775,
        0.6646117071310691,
        0.6649625798066457,
        0.6650281449158987,
        0.6648207207520803,
        0.664777527252833,
        0.6644952495892843,
        0.6642174323399862,
        0.6635178923606873,
        0.6634625693162283,
        0.6634171704451243,
        0.6636154651641846,
        0.6638120512167612,
        0.6636989911397299,
        0.6638483007748922,
        0.6640327374140421,
        0.6643300453821818,
        0.6643345157305399,
        0.6647234360376993,
        0.665005753437678,
        0.6647309958934784,
        0.6642118891080221,
        0.6642186343669891,
        0.663724293311437,
        0.6630345781644186,
        0.6629928350448608,
        0.6626892785231272,
        0.6628427704175314,
        0.6624482770760854,
        0.6623676915963491,
        0.6625782052675883,
        0.6621003746986389,
        0.6621876060962677,
        0.6614392101764679,
        0.6607876121997833,
        0.6608099540074667,
        0.6599029004573822,
        0.6596047381560007,
        0.659153401851654,
        0.6590728660424551
    ],
    "n": 92,
    "m": -9.468151837083607e-05,
    "extra_info": "",
    "time_base": 30,
    "end_time": "2023-11-29-07-49-16"
}