{
    "x_test": [
        0.6456,
        0.64591,
        0.64594,
        0.64563,
        0.64506,
        0.64522,
        0.6449,
        0.6447,
        0.64578,
        0.64533,
        0.6454,
        0.64519,
        0.64494,
        0.6449,
        0.64463,
        0.64467,
        0.64475,
        0.64499,
        0.64506,
        0.64504,
        0.64516,
        0.64493,
        0.64508,
        0.645,
        0.64543,
        0.64554,
        0.64558,
        0.64553,
        0.645,
        0.6446,
        0.64523,
        0.6455,
        0.64579,
        0.64561,
        0.64543,
        0.64523,
        0.64549,
        0.64533,
        0.64536,
        0.64534,
        0.64498,
        0.645,
        0.64505,
        0.64503,
        0.64459,
        0.64494,
        0.64491,
        0.64527,
        0.645,
        0.64514,
        0.64548,
        0.64568,
        0.64576,
        0.64567,
        0.64547,
        0.64526,
        0.64546,
        0.64515,
        0.645,
        0.64582,
        0.6458,
        0.64747,
        0.64798,
        0.64833,
        0.64829,
        0.64836,
        0.64788,
        0.6475,
        0.64756,
        0.64747,
        0.64702,
        0.64714,
        0.6469,
        0.64661,
        0.6461,
        0.64657,
        0.6468,
        0.6464,
        0.64721,
        0.64714,
        0.64681,
        0.64679,
        0.64631,
        0.64629,
        0.64589,
        0.64588,
        0.64589,
        0.64598,
        0.64612,
        0.64589,
        0.6455,
        0.64624
    ],
    "x_hat": [
        0.64559,
        0.64559,
        0.64527,
        0.64492,
        0.64533,
        0.64522,
        0.64554,
        0.6458,
        0.64543,
        0.645,
        0.64576,
        0.64543,
        0.64563,
        0.64591,
        0.6459,
        0.64617,
        0.64618,
        0.64601,
        0.64613,
        0.64644,
        0.64619,
        0.64608,
        0.6457,
        0.64656,
        0.6466,
        0.6461,
        0.64607,
        0.64638,
        0.64655,
        0.6467,
        0.64662,
        0.64655,
        0.64676,
        0.64659,
        0.64676,
        0.64684,
        0.64678,
        0.64699,
        0.6467,
        0.64695,
        0.6466,
        0.6465,
        0.6469,
        0.64745,
        0.647,
        0.64762,
        0.64796,
        0.6475,
        0.64735,
        0.6471,
        0.64837,
        0.64873,
        0.6481,
        0.64889,
        0.64861,
        0.64813,
        0.6462,
        0.6465,
        0.64677,
        0.64651,
        0.646,
        0.6462,
        0.64649,
        0.64604,
        0.6457,
        0.6459,
        0.64659,
        0.64686,
        0.64722,
        0.64684,
        0.6466,
        0.6464,
        0.64698,
        0.64688,
        0.64641,
        0.64641,
        0.64657,
        0.64644,
        0.64656,
        0.64644,
        0.64674,
        0.64701,
        0.64711,
        0.64717,
        0.64717,
        0.64724,
        0.64723,
        0.64698,
        0.64689,
        0.6464,
        0.64666,
        0.64693
    ],
    "y_test": [
        0.6481018384647363,
        0.6494785249233246,
        0.6485673189163208,
        0.6486868560314178,
        0.6498536765575409,
        0.6501268148422241,
        0.649753749370575,
        0.6486985683441162,
        0.6477474272251129,
        0.6474082767963409,
        0.6473777890205383,
        0.647304505109787,
        0.647369384765625,
        0.6481462121009827,
        0.6480436325073242,
        0.647980809211731,
        0.6474419832229614,
        0.6464729309082031,
        0.6467896103858948,
        0.6477616429328918,
        0.6480492353439331,
        0.6483217775821686,
        0.648780345916748,
        0.649385541677475,
        0.6499354541301727,
        0.6491330564022064,
        0.6487860977649689,
        0.6491301953792572,
        0.6491199135780334,
        0.6486344039440155,
        0.6492902934551239,
        0.6491284370422363,
        0.6475516557693481,
        0.647770881652832,
        0.6481113433837891,
        0.6483639478683472,
        0.6478252112865448,
        0.6477449238300323,
        0.648895263671875,
        0.6488963961601257,
        0.6500058174133301,
        0.6510335505008698,
        0.6501926481723785,
        0.6507720351219177,
        0.6516897678375244,
        0.6512811779975891,
        0.6508121192455292,
        0.6509864926338196
    ],
    "y_hat": [
        0.6469299896621692,
        0.6453287899494171,
        0.6449121534824371,
        0.6452327072620392,
        0.6461272537708282,
        0.6470211148262024,
        0.6457420885562932,
        0.6450239121913945,
        0.6458269953727722,
        0.6460197865962982,
        0.6453304588794708,
        0.6455385088920593,
        0.6454098522663116,
        0.6455912292003632,
        0.6449929475784302,
        0.6452819108963013,
        0.6457441449165344,
        0.6445294320583344,
        0.6443161368370056,
        0.6450439691543579,
        0.645220011472702,
        0.6453827917575836,
        0.6455767452716827,
        0.6452435255050659,
        0.6459876000881195,
        0.6469470262527466,
        0.6461382210254669,
        0.6461003422737122,
        0.6467739045619965,
        0.645904153585434,
        0.6461715400218964,
        0.6464027464389801,
        0.6459468305110931,
        0.6465201377868652,
        0.6465639472007751,
        0.6457884907722473,
        0.6455704569816589,
        0.6460888981819153,
        0.6464216709136963,
        0.6461118161678314,
        0.6464779675006866,
        0.647134006023407,
        0.647217184305191,
        0.6479682326316833,
        0.6483609676361084,
        0.6482826471328735,
        0.6480056643486023,
        0.6480603218078613
    ],
    "n": 92,
    "m": 4.411656627330753e-05,
    "extra_info": "",
    "time_base": 30,
    "end_time": "2023-11-29-07-52-03"
}