{
    "x_test": [
        0.64548,
        0.6451,
        0.64539,
        0.6446,
        0.64531,
        0.6453,
        0.64545,
        0.64572,
        0.6454,
        0.64552,
        0.64574,
        0.64559,
        0.64556,
        0.64557,
        0.64527,
        0.64524,
        0.6451,
        0.64513,
        0.64497,
        0.64498,
        0.64511,
        0.645,
        0.64547,
        0.6455,
        0.6455,
        0.64598,
        0.64634,
        0.6456,
        0.64591,
        0.64594,
        0.64563,
        0.64506,
        0.64522,
        0.6449,
        0.6447,
        0.64578,
        0.64533,
        0.6454,
        0.64519,
        0.64494,
        0.6449,
        0.64463,
        0.64467,
        0.64475,
        0.64499,
        0.64506,
        0.64504,
        0.64516,
        0.64493,
        0.64508,
        0.645,
        0.64543,
        0.64554,
        0.64558,
        0.64553,
        0.645,
        0.6446,
        0.64523,
        0.6455,
        0.64579,
        0.64561,
        0.64543,
        0.64523,
        0.64549,
        0.64533,
        0.64536,
        0.64534,
        0.64498,
        0.645,
        0.64505,
        0.64503,
        0.64459,
        0.64494,
        0.64491,
        0.64527,
        0.645,
        0.64514,
        0.64548,
        0.64568,
        0.64576,
        0.64567,
        0.64547,
        0.64526,
        0.64546,
        0.64515,
        0.645,
        0.64582,
        0.6458,
        0.64747,
        0.64798,
        0.64833,
        0.64829
    ],
    "x_hat": [
        0.64747,
        0.64702,
        0.64714,
        0.6469,
        0.64661,
        0.6461,
        0.64657,
        0.6468,
        0.6464,
        0.64721,
        0.64714,
        0.64681,
        0.64679,
        0.64631,
        0.64629,
        0.64589,
        0.64588,
        0.64589,
        0.64598,
        0.64612,
        0.64589,
        0.6455,
        0.64624,
        0.6458,
        0.64612,
        0.64589,
        0.64537,
        0.64559,
        0.64559,
        0.64527,
        0.64492,
        0.64533,
        0.64522,
        0.64554,
        0.6458,
        0.64543,
        0.645,
        0.64576,
        0.64543,
        0.64563,
        0.64591,
        0.6459,
        0.64617,
        0.64618,
        0.64601,
        0.64613,
        0.64644,
        0.64619,
        0.64608,
        0.6457,
        0.64656,
        0.6466,
        0.6461,
        0.64607,
        0.64638,
        0.64655,
        0.6467,
        0.64662,
        0.64655,
        0.64676,
        0.64659,
        0.64676,
        0.64684,
        0.64678,
        0.64699,
        0.6467,
        0.64695,
        0.6466,
        0.6465,
        0.6469,
        0.64745,
        0.647,
        0.64762,
        0.64796,
        0.6475,
        0.64735,
        0.6471,
        0.64837,
        0.64873,
        0.6481,
        0.64889,
        0.64861,
        0.64813,
        0.6462,
        0.6465,
        0.64677,
        0.64651,
        0.646,
        0.6462,
        0.64649,
        0.64604,
        0.6457
    ],
    "y_test": [
        0.6508573997211471,
        0.6526907980442047,
        0.6522383391857147,
        0.6522049605846405,
        0.6523359715938568,
        0.6530545651912689,
        0.652844101190567,
        0.651666134595871,
        0.6511920094490051,
        0.6508932411670685,
        0.6504867076873779,
        0.6511638164520264,
        0.6514458060264587,
        0.6514087319374084,
        0.651304692029953,
        0.65146204829216,
        0.6509887874126434,
        0.650393545627594,
        0.6507987380027771,
        0.6512148678302765,
        0.6514156758785248,
        0.6512144207954407,
        0.6515682935714722,
        0.6521794497966766,
        0.6525060832500458,
        0.6520989835262299,
        0.6514229774475098,
        0.6515403687953949,
        0.6518182754516602,
        0.6510234475135803,
        0.6509038805961609,
        0.6512976884841919,
        0.6503958702087402,
        0.6502100825309753,
        0.6504064202308655,
        0.6502663791179657,
        0.6502099931240082,
        0.6503302454948425,
        0.6506933271884918,
        0.6502006351947784,
        0.6504682898521423,
        0.651224821805954,
        0.6512720286846161,
        0.6516797244548798,
        0.6523452699184418,
        0.6523683071136475,
        0.6518805921077728,
        0.6519940793514252
    ],
    "y_hat": [
        0.6456999889373769,
        0.6442048847675323,
        0.6436403393745422,
        0.6439875662326813,
        0.6452744603157043,
        0.6459285318851471,
        0.6448247730731964,
        0.6442975103855169,
        0.6440409123897588,
        0.6435671150684357,
        0.643236517906189,
        0.643706202507019,
        0.6438356041908264,
        0.6441130340099335,
        0.6432802379131317,
        0.6434472501277924,
        0.6439508497714996,
        0.6426171958446503,
        0.6424345374107361,
        0.6429216861724854,
        0.6427508294582367,
        0.6429222524166107,
        0.6431344151496887,
        0.642734557390213,
        0.6431975662708282,
        0.6439816355705261,
        0.64353346824646,
        0.643592357635498,
        0.6439362168312073,
        0.6435184180736542,
        0.6439089179039001,
        0.643688827753067,
        0.6426170468330383,
        0.6433169543743134,
        0.64390429854393,
        0.6438132226467133,
        0.6437398791313171,
        0.6440935432910919,
        0.644569456577301,
        0.6442148387432098,
        0.6447405517101288,
        0.645158588886261,
        0.6445811092853546,
        0.6457303464412689,
        0.64712193608284,
        0.6468360424041748,
        0.6466609239578247,
        0.646858423948288
    ],
    "n": 92,
    "m": 2.7741834970321807e-05,
    "extra_info": "",
    "time_base": 30,
    "end_time": "2023-11-28-18-26-04"
}