{
    "x_test": [
        0.64493,
        0.64505,
        0.64491,
        0.64505,
        0.64508,
        0.6449,
        0.6445,
        0.64459,
        0.64481,
        0.64468,
        0.64462,
        0.64463,
        0.64498,
        0.64467,
        0.64471,
        0.64451,
        0.6442,
        0.64447,
        0.64467,
        0.64456,
        0.64468,
        0.64461,
        0.64426,
        0.64427,
        0.64462,
        0.64426,
        0.64499,
        0.64523,
        0.64505,
        0.6445,
        0.6448,
        0.645,
        0.64511,
        0.64481,
        0.64444,
        0.644,
        0.64278,
        0.64385,
        0.64412,
        0.6439,
        0.64436,
        0.64435,
        0.64457,
        0.64455,
        0.6448,
        0.64524,
        0.64548,
        0.6451,
        0.64539,
        0.6446,
        0.64531,
        0.6453,
        0.64545,
        0.64572,
        0.6454,
        0.64552,
        0.64574,
        0.64559,
        0.64556,
        0.64557,
        0.64527,
        0.64524,
        0.6451,
        0.64513,
        0.64497,
        0.64498,
        0.64511,
        0.645,
        0.64547,
        0.6455,
        0.6455,
        0.64598,
        0.64634,
        0.6456,
        0.64591,
        0.64594,
        0.64563,
        0.64506,
        0.64522,
        0.6449,
        0.6447,
        0.64578,
        0.64533,
        0.6454,
        0.64519,
        0.64494,
        0.6449,
        0.64463,
        0.64467,
        0.64475,
        0.64499,
        0.64506
    ],
    "x_hat": [
        0.645,
        0.64543,
        0.64554,
        0.64558,
        0.64553,
        0.645,
        0.6446,
        0.64523,
        0.6455,
        0.64579,
        0.64561,
        0.64543,
        0.64523,
        0.64549,
        0.64533,
        0.64536,
        0.64534,
        0.64498,
        0.645,
        0.64505,
        0.64503,
        0.64459,
        0.64494,
        0.64491,
        0.64527,
        0.645,
        0.64514,
        0.64548,
        0.64568,
        0.64576,
        0.64567,
        0.64547,
        0.64526,
        0.64546,
        0.64515,
        0.645,
        0.64582,
        0.6458,
        0.64747,
        0.64798,
        0.64833,
        0.64829,
        0.64836,
        0.64788,
        0.6475,
        0.64756,
        0.64747,
        0.64702,
        0.64714,
        0.6469,
        0.64661,
        0.6461,
        0.64657,
        0.6468,
        0.6464,
        0.64721,
        0.64714,
        0.64681,
        0.64679,
        0.64631,
        0.64629,
        0.64589,
        0.64588,
        0.64589,
        0.64598,
        0.64612,
        0.64589,
        0.6455,
        0.64615,
        0.6458,
        0.64612,
        0.64589,
        0.64537,
        0.64559,
        0.64559,
        0.64527,
        0.64492,
        0.64533,
        0.64522,
        0.64554,
        0.6458,
        0.64543,
        0.64504,
        0.64576,
        0.64543,
        0.64563,
        0.64591,
        0.6459,
        0.64617,
        0.64618,
        0.64601,
        0.64614
    ],
    "y_test": [
        0.6488221869754796,
        0.6518358290195465,
        0.6512271165847778,
        0.6502870619297028,
        0.6501920521259308,
        0.6513304710388184,
        0.6513082087039948,
        0.6511960327625275,
        0.6510553956031799,
        0.6507129371166229,
        0.6506069004535675,
        0.6510603725910187,
        0.6510466635227203,
        0.651241272687912,
        0.651117593050003,
        0.6507062315940857,
        0.6508961915969849,
        0.6508141458034515,
        0.6509342789649963,
        0.6507982909679413,
        0.6503553986549377,
        0.6507473587989807,
        0.6514420211315155,
        0.6517123281955719,
        0.6520640552043915,
        0.6521469354629517,
        0.6514876782894135,
        0.6512802541255951,
        0.6516517996788025,
        0.6507250666618347,
        0.6507408916950226,
        0.6511995792388916,
        0.6512028276920319,
        0.6515476107597351,
        0.6514037847518921,
        0.6511073410511017,
        0.6514139175415039,
        0.6522871851921082,
        0.6523111760616302,
        0.6518104374408722,
        0.6518072187900543,
        0.6520387530326843,
        0.6521466076374054,
        0.6525313556194305,
        0.6526427865028381,
        0.652325838804245,
        0.6519530713558197,
        0.6518666446208954
    ],
    "y_hat": [
        0.6461399896812452,
        0.645388275384903,
        0.6442931294441223,
        0.6445711255073547,
        0.6461425423622131,
        0.6468969583511353,
        0.6465179920196533,
        0.6461540758609736,
        0.6459496617317164,
        0.6453028321266174,
        0.6450518071651459,
        0.6449762284755707,
        0.6451992988586426,
        0.6463249921798706,
        0.6463114321231842,
        0.6462832689285278,
        0.6458507180213928,
        0.6448206603527069,
        0.6448448896408081,
        0.6456504762172699,
        0.6461410224437714,
        0.6467115879058838,
        0.646649181842804,
        0.6462472081184387,
        0.6473070979118347,
        0.6476311385631561,
        0.6468489766120911,
        0.6466937363147736,
        0.6469480693340302,
        0.6460024118423462,
        0.6461319029331207,
        0.6463484168052673,
        0.6451149582862854,
        0.6451481282711029,
        0.645218700170517,
        0.6454053819179535,
        0.6449334919452667,
        0.644848495721817,
        0.6460372507572174,
        0.6460537016391754,
        0.6469067633152008,
        0.6473114490509033,
        0.6464841961860657,
        0.6469689607620239,
        0.6479086875915527,
        0.647660493850708,
        0.6474409103393555,
        0.6477559804916382
    ],
    "n": 92,
    "m": 2.901206865758628e-05,
    "extra_info": "",
    "time_base": 30,
    "end_time": "2023-11-27-19-21-43"
}