{
    "x_test": [
        1.49149,
        1.49117,
        1.49135,
        1.49095,
        1.4909,
        1.49044,
        1.49027,
        1.4901,
        1.49011,
        1.4899,
        1.49077,
        1.49054,
        1.49058,
        1.49111,
        1.49111,
        1.4913,
        1.49181,
        1.4915,
        1.49191,
        1.49191,
        1.4916,
        1.49143,
        1.49095,
        1.49085,
        1.49026,
        1.49016,
        1.49061,
        1.49047,
        1.4918,
        1.49229,
        1.49472,
        1.49431,
        1.49408,
        1.49348,
        1.49346,
        1.49374,
        1.49379,
        1.49432,
        1.49394,
        1.49269,
        1.4933,
        1.494,
        1.49446,
        1.49375,
        1.49347,
        1.49355,
        1.49377,
        1.4933,
        1.4929,
        1.493,
        1.49325,
        1.4933,
        1.49355,
        1.49375,
        1.4931,
        1.4933,
        1.49342,
        1.49344,
        1.49335,
        1.49327,
        1.49344,
        1.49357,
        1.49311,
        1.49336,
        1.49346,
        1.49364,
        1.49383,
        1.49374,
        1.49405,
        1.49403,
        1.49454,
        1.49455,
        1.4938,
        1.49442,
        1.49377,
        1.49375,
        1.4944,
        1.49316,
        1.49289,
        1.49323,
        1.4927,
        1.49384,
        1.49352,
        1.49431,
        1.49341,
        1.49213,
        1.49181,
        1.48917,
        1.4883,
        1.48836,
        1.48789,
        1.48782
    ],
    "x_hat": [
        1.49095,
        1.49032,
        1.49113,
        1.49192,
        1.49203,
        1.4913,
        1.49047,
        1.4937,
        1.49041,
        1.49,
        1.49116,
        1.49208,
        1.49314,
        1.49344,
        1.4943,
        1.49454,
        1.49492,
        1.49474,
        1.49436,
        1.49475,
        1.49447,
        1.49412,
        1.49352,
        1.49246,
        1.49256,
        1.49255,
        1.4937,
        1.49453,
        1.49489,
        1.494,
        1.49387,
        1.4931,
        1.49299,
        1.49276,
        1.49334,
        1.4925,
        1.49085,
        1.49142,
        1.49197,
        1.49083,
        1.48995,
        1.49112,
        1.49113,
        1.49147,
        1.49148,
        1.49108,
        1.49156,
        1.49254,
        1.49247,
        1.4918,
        1.49119,
        1.49119,
        1.4909,
        1.4911,
        1.49127,
        1.4905,
        1.49087,
        1.4911,
        1.49085,
        1.4906,
        1.49065,
        1.4906,
        1.49074,
        1.49035,
        1.48998,
        1.48997,
        1.48995,
        1.48999,
        1.48855,
        1.48818,
        1.48877,
        1.48703,
        1.48867,
        1.48911,
        1.4891,
        1.4881,
        1.48742,
        1.48767,
        1.48826,
        1.48753,
        1.48787,
        1.488,
        1.49052,
        1.49169,
        1.49065,
        1.492,
        1.49171,
        1.49145,
        1.49123,
        1.49269,
        1.49245,
        1.49276
    ],
    "y_test": [
        1.489765331420898,
        1.4929287433624268,
        1.494465410709381,
        1.4945363402366638,
        1.4937823414802551,
        1.493427336215973,
        1.4941313862800598,
        1.4947277307510376,
        1.4939385652542114,
        1.493724286556244,
        1.4934372901916504,
        1.491953432559967,
        1.4915530681610107,
        1.49209064245224,
        1.4933164715766907,
        1.4926374554634094,
        1.4917555451393127,
        1.4932625889778137,
        1.4936022758483887,
        1.493710994720459,
        1.493808090686798,
        1.4941036701202393,
        1.4950560331344604,
        1.49591863155365,
        1.4951554536819458,
        1.4936095476150513,
        1.4942926168441772,
        1.4958373308181763,
        1.49623042345047,
        1.4951204657554626,
        1.4945952892303467,
        1.4945833086967468,
        1.494994580745697,
        1.4955645203590393,
        1.4953136444091797,
        1.4950810074806213,
        1.4949191212654114,
        1.4947888851165771,
        1.495181918144226,
        1.496055781841278,
        1.4948203563690186,
        1.4948509335517883,
        1.495424211025238,
        1.4937080144882202,
        1.494748592376709,
        1.495383858680725,
        1.4942378401756287,
        1.4945266246795654
    ],
    "y_hat": [
        1.4927599715042135,
        1.4941427111625671,
        1.4950239658355713,
        1.494578778743744,
        1.4945594668388367,
        1.494442880153656,
        1.4945992827415466,
        1.4951012134552002,
        1.4954211711883545,
        1.4941599369049072,
        1.493207037448883,
        1.4935044646263123,
        1.4932684898376465,
        1.493719220161438,
        1.4948249459266663,
        1.4944873452186584,
        1.4942614436149597,
        1.4953812956809998,
        1.4950162768363953,
        1.4945086240768433,
        1.495339810848236,
        1.4962615370750427,
        1.4970736503601074,
        1.4974493980407715,
        1.4968008995056152,
        1.495537281036377,
        1.4960750341415405,
        1.497182011604309,
        1.4966455698013306,
        1.49571692943573,
        1.4956178069114685,
        1.4956042170524597,
        1.4953535795211792,
        1.495858609676361,
        1.495516300201416,
        1.4946473836898804,
        1.4935691356658936,
        1.4931509494781494,
        1.493963360786438,
        1.4942733645439148,
        1.4933185577392578,
        1.4929190278053284,
        1.493602991104126,
        1.4929084777832031,
        1.492484211921692,
        1.4923669695854187,
        1.4920626282691956,
        1.4927047491073608
    ],
    "n": 92,
    "m": -2.116416346753992e-05,
    "extra_info": "",
    "time_base": 30,
    "end_time": "2023-11-28-18-38-22"
}