{
    "x_test": [
        1.49077,
        1.49054,
        1.49058,
        1.49111,
        1.49111,
        1.4913,
        1.49181,
        1.4915,
        1.49191,
        1.49191,
        1.4916,
        1.49143,
        1.49095,
        1.49085,
        1.49026,
        1.49016,
        1.49061,
        1.49047,
        1.4918,
        1.49229,
        1.49472,
        1.49431,
        1.49408,
        1.49348,
        1.49346,
        1.49374,
        1.49379,
        1.49432,
        1.49394,
        1.49269,
        1.4933,
        1.494,
        1.49446,
        1.49375,
        1.49347,
        1.49355,
        1.49377,
        1.4933,
        1.4929,
        1.493,
        1.49325,
        1.4933,
        1.49355,
        1.49375,
        1.4931,
        1.4933,
        1.49342,
        1.49344,
        1.49335,
        1.49327,
        1.49344,
        1.49357,
        1.49311,
        1.49336,
        1.49346,
        1.49364,
        1.49383,
        1.49374,
        1.49405,
        1.49403,
        1.49454,
        1.49455,
        1.4938,
        1.49442,
        1.49377,
        1.49375,
        1.4944,
        1.49316,
        1.49289,
        1.49323,
        1.4927,
        1.49384,
        1.49352,
        1.49431,
        1.49341,
        1.49213,
        1.49181,
        1.48917,
        1.4883,
        1.48836,
        1.48789,
        1.48782,
        1.48798,
        1.4885,
        1.48891,
        1.48982,
        1.49095,
        1.49032,
        1.49113,
        1.49192,
        1.49203,
        1.4913
    ],
    "x_hat": [
        1.49116,
        1.49208,
        1.49314,
        1.49344,
        1.4943,
        1.49454,
        1.49492,
        1.49474,
        1.49436,
        1.49475,
        1.49447,
        1.49412,
        1.49352,
        1.49246,
        1.49256,
        1.49255,
        1.4937,
        1.49453,
        1.49489,
        1.494,
        1.49387,
        1.4931,
        1.49299,
        1.49276,
        1.49334,
        1.4925,
        1.49085,
        1.49142,
        1.49197,
        1.49083,
        1.48995,
        1.49112,
        1.49113,
        1.49147,
        1.49148,
        1.49108,
        1.49156,
        1.49254,
        1.49247,
        1.4918,
        1.49119,
        1.49119,
        1.4909,
        1.4911,
        1.49127,
        1.4905,
        1.49087,
        1.4911,
        1.49085,
        1.4906,
        1.49065,
        1.4906,
        1.49074,
        1.49035,
        1.48998,
        1.48997,
        1.48995,
        1.48999,
        1.48855,
        1.48818,
        1.48877,
        1.48703,
        1.48867,
        1.48911,
        1.4891,
        1.4881,
        1.48742,
        1.48767,
        1.48826,
        1.48753,
        1.48787,
        1.488,
        1.49052,
        1.49169,
        1.49065,
        1.492,
        1.49171,
        1.49145,
        1.49123,
        1.49269,
        1.49245,
        1.49276,
        1.49108,
        1.49088,
        1.49043,
        1.4911,
        1.4901,
        1.49158,
        1.49178,
        1.49201,
        1.49224,
        1.49221
    ],
    "y_test": [
        1.4942694968223549,
        1.4973490834236145,
        1.497854471206665,
        1.4977197051048279,
        1.4965585470199585,
        1.4964653253555298,
        1.4979665875434875,
        1.498482346534729,
        1.4987903237342834,
        1.4977030158042908,
        1.4967306852340698,
        1.4966589212417603,
        1.4961578249931335,
        1.497040867805481,
        1.4954860210418701,
        1.492891550064087,
        1.4934124946594238,
        1.4941317439079285,
        1.492983639240265,
        1.4940112829208374,
        1.4945098757743835,
        1.494000256061554,
        1.4954873323440552,
        1.495314598083496,
        1.4959193468093872,
        1.4960185885429382,
        1.4946017265319824,
        1.4949566721916199,
        1.4947454333305359,
        1.4950636625289917,
        1.4955001473426819,
        1.49531888961792,
        1.494677484035492,
        1.4945265054702759,
        1.4947237968444824,
        1.4946677684783936,
        1.4951804876327515,
        1.495735764503479,
        1.4961380362510681,
        1.4960654973983765,
        1.4967916011810303,
        1.4967047572135925,
        1.4955797791481018,
        1.4968079328536987,
        1.4971734285354614,
        1.4965822100639343,
        1.497005045413971,
        1.496449589729309
    ],
    "y_hat": [
        1.4922100152778626,
        1.493822991847992,
        1.4943765997886658,
        1.4938181042671204,
        1.4936172366142273,
        1.4930084347724915,
        1.4935502409934998,
        1.4943287372589111,
        1.4947507977485657,
        1.4930007457733154,
        1.4921507239341736,
        1.4933710098266602,
        1.4932169914245605,
        1.4932664632797241,
        1.491763949394226,
        1.489865779876709,
        1.4908158779144287,
        1.4918182492256165,
        1.4909802675247192,
        1.4914888143539429,
        1.4924750924110413,
        1.4926792979240417,
        1.4939424991607666,
        1.4935006499290466,
        1.4932421445846558,
        1.4929808378219604,
        1.4925631284713745,
        1.4923622608184814,
        1.491019606590271,
        1.4909484386444092,
        1.4915516376495361,
        1.4912391901016235,
        1.489997923374176,
        1.4897656440734863,
        1.4896287322044373,
        1.4885711073875427,
        1.4878536462783813,
        1.4890632033348083,
        1.490710437297821,
        1.490240454673767,
        1.4899476766586304,
        1.4898288249969482,
        1.4897842407226562,
        1.4904732704162598,
        1.4894745349884033,
        1.4890702962875366,
        1.490342915058136,
        1.4902467131614685
    ],
    "n": 92,
    "m": -9.90327645093609e-05,
    "extra_info": "",
    "time_base": 30,
    "end_time": "2023-11-28-23-33-40"
}