{
    "x_test": [
        1.08784,
        1.08854,
        1.08849,
        1.08854,
        1.08838,
        1.08848,
        1.08873,
        1.0889,
        1.0888,
        1.0885,
        1.08862,
        1.08868,
        1.08878,
        1.08894,
        1.0892,
        1.0893,
        1.0895,
        1.08975,
        1.09036,
        1.0902,
        1.0905,
        1.0902,
        1.0902,
        1.0903,
        1.09103,
        1.0912,
        1.09085,
        1.09122,
        1.09135,
        1.0908,
        1.09167,
        1.0908,
        1.09231,
        1.09183,
        1.0919,
        1.09178,
        1.09147,
        1.09048,
        1.09033,
        1.09,
        1.09017,
        1.0892,
        1.08962,
        1.09072,
        1.09095,
        1.0904,
        1.09058,
        1.09059,
        1.09058,
        1.09045,
        1.09029,
        1.09048,
        1.09036,
        1.09035,
        1.09055,
        1.0904,
        1.09027,
        1.0906,
        1.09061,
        1.0903,
        1.0902,
        1.09058,
        1.09068,
        1.09036,
        1.09018,
        1.08975,
        1.08955,
        1.0898,
        1.08991,
        1.08981,
        1.09036,
        1.09062,
        1.09118,
        1.09063,
        1.09072,
        1.0904,
        1.0908,
        1.091,
        1.09189,
        1.09103,
        1.09029,
        1.09088,
        1.09096,
        1.09128,
        1.09142,
        1.09254,
        1.09166,
        1.09093,
        1.092,
        1.09204,
        1.09368,
        1.09378
    ],
    "x_hat": [
        1.09404,
        1.09454,
        1.09479,
        1.09464,
        1.09462,
        1.09465,
        1.09444,
        1.09441,
        1.0942,
        1.0948,
        1.0934,
        1.0927,
        1.09445,
        1.09467,
        1.09406,
        1.09427,
        1.094,
        1.09451,
        1.0943,
        1.09474,
        1.09461,
        1.09495,
        1.09523,
        1.09498,
        1.09542,
        1.0946,
        1.0947,
        1.09429,
        1.09478,
        1.09484,
        1.09497,
        1.09542,
        1.09514,
        1.09536,
        1.09504,
        1.09497,
        1.09539,
        1.09438,
        1.09301,
        1.09282,
        1.09371,
        1.09327,
        1.09317,
        1.09365,
        1.09308,
        1.0933,
        1.09393,
        1.0942,
        1.09489,
        1.09561,
        1.09537,
        1.09567,
        1.09537,
        1.09532,
        1.095,
        1.09544,
        1.09573,
        1.0959,
        1.09569,
        1.0957,
        1.09554,
        1.09575,
        1.0958,
        1.0957,
        1.09588,
        1.0955,
        1.09526,
        1.09523,
        1.0953,
        1.0951,
        1.09475,
        1.09469,
        1.09457,
        1.09358,
        1.09467,
        1.09476,
        1.0951,
        1.09533,
        1.09558,
        1.09519,
        1.0956,
        1.09496,
        1.09537,
        1.09502,
        1.09599,
        1.0972,
        1.09787,
        1.09786,
        1.09713,
        1.09809,
        1.09867,
        1.09961
    ],
    "y_test": [
        1.0928388634808854,
        1.0936288808186845,
        1.0942831821441648,
        1.095062403990428,
        1.095420552457173,
        1.0955660939216614,
        1.0956127842267354,
        1.095722536245982,
        1.0957945187886555,
        1.095945139726003,
        1.0962798794110615,
        1.097194234530131,
        1.0978791117668152,
        1.0984702706336975,
        1.0987879832585652,
        1.0992358326911926,
        1.0996484557787578,
        1.0994746287663777,
        1.0994661450386047,
        1.0991734663645427,
        1.0993898510932922,
        1.0992734630902607,
        1.0990451574325562,
        1.0990036328633626,
        1.099258820215861,
        1.0993998646736145,
        1.0995436509450276,
        1.099081854025523,
        1.0986752311388652,
        1.0986958543459575,
        1.0979454318682353,
        1.097481330235799,
        1.0969058473904927,
        1.0967177351315816,
        1.0967971285184224,
        1.0963878631591797,
        1.0964105526606243,
        1.0964205463727315,
        1.0964268843332927,
        1.096669852733612,
        1.096554736296336,
        1.0962331891059875,
        1.0964343746503193,
        1.0966243545214336,
        1.0965184768040974,
        1.096088469028473,
        1.0958056449890137,
        1.0960075656572978
    ],
    "y_hat": [
        1.098494995174408,
        1.0988279829025274,
        1.099258954385121,
        1.0997836628405249,
        1.0999054162279762,
        1.0998755892117817,
        1.1000518004099529,
        1.1002352039019268,
        1.1002262433369954,
        1.100346048672994,
        1.100679596265157,
        1.1012644370396931,
        1.1017247041066487,
        1.102084755897522,
        1.1023534337679546,
        1.1024221380551655,
        1.102682113647461,
        1.102437694867452,
        1.1019437313079834,
        1.1015220681826274,
        1.1015918254852295,
        1.1015232801437378,
        1.101178805033366,
        1.1010837157567341,
        1.1012469331423442,
        1.1012911796569824,
        1.1012576222419739,
        1.100897192955017,
        1.1006957689921062,
        1.1009788314501445,
        1.10072922706604,
        1.1006722648938496,
        1.100668986638387,
        1.100737949212392,
        1.1009210348129272,
        1.1008267203966777,
        1.101017951965332,
        1.1012032628059387,
        1.101319710413615,
        1.1017010807991028,
        1.1018414696057637,
        1.101438085238139,
        1.1016158660252888,
        1.101640264193217,
        1.1016192436218262,
        1.10141126314799,
        1.1013584931691487,
        1.1017547845840454
    ],
    "n": 92,
    "m": 3.086799261866082e-05,
    "extra_info": "",
    "time_base": 30,
    "end_time": "2023-11-28-18-02-41"
}