{
    "x_test": [
        1.09539,
        1.0958,
        1.0946,
        1.0944,
        1.09436,
        1.09483,
        1.09454,
        1.09416,
        1.09389,
        1.09486,
        1.09482,
        1.09584,
        1.09449,
        1.09557,
        1.09529,
        1.09415,
        1.09342,
        1.09261,
        1.09229,
        1.09223,
        1.0921,
        1.09057,
        1.09082,
        1.09139,
        1.0915,
        1.09158,
        1.09118,
        1.0912,
        1.0911,
        1.09076,
        1.09107,
        1.09157,
        1.09166,
        1.09159,
        1.0919,
        1.0909,
        1.09132,
        1.09138,
        1.0916,
        1.09147,
        1.09143,
        1.09112,
        1.09137,
        1.0905,
        1.09073,
        1.08971,
        1.09004,
        1.09104,
        1.09142,
        1.09004,
        1.08854,
        1.08958,
        1.09025,
        1.0898,
        1.09009,
        1.09049,
        1.09,
        1.09038,
        1.09066,
        1.09154,
        1.08962,
        1.08762,
        1.0875,
        1.08613,
        1.08658,
        1.08681,
        1.08702,
        1.08818,
        1.08784,
        1.08854,
        1.08849,
        1.08854,
        1.08838,
        1.08848,
        1.08873,
        1.0889,
        1.0888,
        1.0885,
        1.08862,
        1.08868,
        1.08878,
        1.08894,
        1.0892,
        1.0893,
        1.0895,
        1.08975,
        1.09036,
        1.0902,
        1.0905,
        1.0902,
        1.0902,
        1.0903
    ],
    "x_hat": [
        1.09135,
        1.0908,
        1.09167,
        1.0908,
        1.09231,
        1.09183,
        1.0919,
        1.09178,
        1.09147,
        1.09048,
        1.09033,
        1.09,
        1.09017,
        1.0892,
        1.08962,
        1.09072,
        1.09095,
        1.0904,
        1.09058,
        1.09059,
        1.09058,
        1.09045,
        1.09029,
        1.09048,
        1.09036,
        1.09035,
        1.09055,
        1.0904,
        1.09027,
        1.0906,
        1.09061,
        1.0903,
        1.0902,
        1.09058,
        1.09068,
        1.09036,
        1.09018,
        1.08975,
        1.08955,
        1.0898,
        1.08991,
        1.08981,
        1.09036,
        1.09062,
        1.09118,
        1.09063,
        1.09072,
        1.0904,
        1.0908,
        1.091,
        1.09189,
        1.09103,
        1.09029,
        1.09088,
        1.09096,
        1.09128,
        1.09142,
        1.09254,
        1.09166,
        1.09093,
        1.092,
        1.09204,
        1.09368,
        1.09378,
        1.09396,
        1.09351,
        1.09331,
        1.09326,
        1.09404,
        1.09454,
        1.09479,
        1.09464,
        1.09462,
        1.09465,
        1.09444,
        1.09441,
        1.0942,
        1.0948,
        1.0934,
        1.0927,
        1.09445,
        1.09467,
        1.09406,
        1.09427,
        1.094,
        1.09451,
        1.0943,
        1.09474,
        1.09461,
        1.09495,
        1.09523,
        1.09496
    ],
    "y_test": [
        1.0908822911580387,
        1.0919683894475298,
        1.0932772159576416,
        1.0938957929611206,
        1.0941344499588013,
        1.0937060515085857,
        1.0935970942179363,
        1.093833605448405,
        1.0942154328028362,
        1.0948046445846558,
        1.095078984896342,
        1.0959491332372029,
        1.0961278676986694,
        1.0965114037195842,
        1.0957796573638916,
        1.0958962440490723,
        1.0960026979446411,
        1.0967987378438313,
        1.0968177715937297,
        1.09648331006368,
        1.0968339840571086,
        1.0968432426452637,
        1.0967960357666016,
        1.0961071650187175,
        1.0962286392847698,
        1.0962226788202922,
        1.096278707186381,
        1.0954875151316326,
        1.0946409304936726,
        1.0946297248204548,
        1.094048301378886,
        1.0938302675882976,
        1.093225399653117,
        1.0933927694956462,
        1.0936572949091594,
        1.0935955444971721,
        1.0936354398727417,
        1.0934994618097942,
        1.0930267572402954,
        1.0928950309753418,
        1.0925669272740681,
        1.0918219884236653,
        1.0917559464772542,
        1.091826359430949,
        1.0919777949651082,
        1.0908924341201782,
        1.0897403955459595,
        1.089516321818034
    ],
    "y_hat": [
        1.0950499914296472,
        1.0950789934666953,
        1.0954041083653767,
        1.09595787525177,
        1.0961462656656902,
        1.0957059065500896,
        1.0954081614812214,
        1.0955495436986287,
        1.0962351163228352,
        1.0970406929651897,
        1.0976370970408122,
        1.0988972187042236,
        1.0996228456497192,
        1.1004331509272258,
        1.0995445251464844,
        1.0993965864181519,
        1.099087119102478,
        1.0995618502298992,
        1.098866621653239,
        1.0981589555740356,
        1.0979479551315308,
        1.0982069969177246,
        1.098313808441162,
        1.0979046821594238,
        1.098009427388509,
        1.0979353586832683,
        1.0984551509221394,
        1.097501238187154,
        1.0968939065933228,
        1.0965447823206584,
        1.0963272253672283,
        1.096323808034261,
        1.0956594944000244,
        1.095646897951762,
        1.0959074099858601,
        1.0959692398707073,
        1.0962072213490803,
        1.0961075623830159,
        1.0966604948043823,
        1.0971461534500122,
        1.0972628990809123,
        1.0963459412256877,
        1.0965356826782227,
        1.0969127416610718,
        1.0978257258733113,
        1.0970563888549805,
        1.096471905708313,
        1.0961085557937622
    ],
    "n": 92,
    "m": -6.584424807590487e-06,
    "extra_info": "",
    "time_base": 30,
    "end_time": "2023-11-27-07-42-48"
}