{
    "x_test": [
        1.09178,
        1.09147,
        1.09048,
        1.09033,
        1.09,
        1.09017,
        1.0892,
        1.08962,
        1.09072,
        1.09095,
        1.0904,
        1.09058,
        1.09059,
        1.09058,
        1.09045,
        1.09029,
        1.09048,
        1.09036,
        1.09035,
        1.09055,
        1.0904,
        1.09027,
        1.0906,
        1.09061,
        1.0903,
        1.0902,
        1.09058,
        1.09068,
        1.09036,
        1.09018,
        1.08975,
        1.08955,
        1.0898,
        1.08991,
        1.08981,
        1.09036,
        1.09062,
        1.09118,
        1.09063,
        1.09072,
        1.0904,
        1.0908,
        1.091,
        1.09189,
        1.09103,
        1.09029,
        1.09088,
        1.09096,
        1.09128,
        1.09142,
        1.09254,
        1.09166,
        1.09093,
        1.092,
        1.09204,
        1.09368,
        1.09378,
        1.09396,
        1.09351,
        1.09331,
        1.09326,
        1.09404,
        1.09454,
        1.09479,
        1.09464,
        1.09462,
        1.09465,
        1.09444,
        1.09441,
        1.0942,
        1.0948,
        1.0934,
        1.0927,
        1.09445,
        1.09467,
        1.09406,
        1.09427,
        1.094,
        1.09451,
        1.0943,
        1.09474,
        1.09461,
        1.09495,
        1.09523,
        1.09498,
        1.09542,
        1.0946,
        1.0947,
        1.09429,
        1.09478,
        1.09484,
        1.09497
    ],
    "x_hat": [
        1.09497,
        1.09539,
        1.09438,
        1.09301,
        1.09282,
        1.09371,
        1.09327,
        1.09317,
        1.09365,
        1.09308,
        1.0933,
        1.09393,
        1.0942,
        1.09489,
        1.09561,
        1.09537,
        1.09567,
        1.09537,
        1.09532,
        1.095,
        1.09544,
        1.09573,
        1.0959,
        1.09569,
        1.0957,
        1.09554,
        1.09575,
        1.0958,
        1.0957,
        1.09588,
        1.0955,
        1.09526,
        1.09523,
        1.0953,
        1.0951,
        1.09475,
        1.09469,
        1.09457,
        1.09358,
        1.09467,
        1.09476,
        1.0951,
        1.09533,
        1.09558,
        1.09519,
        1.0956,
        1.09496,
        1.09537,
        1.09502,
        1.09599,
        1.0972,
        1.09787,
        1.09786,
        1.09713,
        1.09809,
        1.09867,
        1.09961,
        1.10041,
        1.1002,
        1.09829,
        1.09813,
        1.09849,
        1.09912,
        1.09791,
        1.0988,
        1.0987,
        1.09918,
        1.09946,
        1.0996,
        1.10041,
        1.10041,
        1.09992,
        1.10059,
        1.1013,
        1.10058,
        1.10079,
        1.10066,
        1.10026,
        1.09984,
        1.09975,
        1.10025,
        1.10011,
        1.1002,
        1.10007,
        1.09993,
        1.09873,
        1.09848,
        1.09876,
        1.09896,
        1.0985,
        1.09736,
        1.09733
    ],
    "y_test": [
        1.095582252845766,
        1.0964242219924927,
        1.0971484184265137,
        1.0977743268013,
        1.0975680351257324,
        1.096629559993744,
        1.0964288711547852,
        1.097324550151825,
        1.0978922843933105,
        1.098649263381958,
        1.0993009209632874,
        1.1005268096923828,
        1.101767659187317,
        1.1018277406692505,
        1.1009004712104797,
        1.1007341742515564,
        1.1016374826431274,
        1.1011304259300232,
        1.1001914739608765,
        1.099833607673645,
        1.1003006100654602,
        1.1007505655288696,
        1.1002672910690308,
        1.0997413396835327,
        1.1003129482269287,
        1.1004552245140076,
        1.1005064845085144,
        1.0995935797691345,
        1.0978654623031616,
        1.0986995100975037,
        1.0984774827957153,
        1.0971772074699402,
        1.097608745098114,
        1.0974330306053162,
        1.0970194935798645,
        1.0972687005996704,
        1.0972415208816528,
        1.097190260887146,
        1.0979281067848206,
        1.0985936522483826,
        1.0982924103736877,
        1.0972691774368286,
        1.0980375409126282,
        1.0993205308914185,
        1.099275290966034,
        1.0985696911811829,
        1.097832441329956,
        1.098440408706665
    ],
    "y_hat": [
        1.0973299870872495,
        1.0980963110923767,
        1.098370373249054,
        1.0987539291381836,
        1.0986748933792114,
        1.0981440544128418,
        1.0991053581237793,
        1.0994150042533875,
        1.0988358855247498,
        1.0992383360862732,
        1.0994861125946045,
        1.0998098850250244,
        1.1008036732673645,
        1.1005582809448242,
        1.1002487540245056,
        1.1000769138336182,
        1.100296437740326,
        1.1001954078674316,
        1.0988702178001404,
        1.0981853604316711,
        1.098792552947998,
        1.099775791168213,
        1.0996767282485962,
        1.099162518978119,
        1.0995295643806386,
        1.0995306968688894,
        1.099483609199524,
        1.0993016362190247,
        1.0986284017562866,
        1.0994956493377686,
        1.0995628833770752,
        1.0993887782096863,
        1.1003925204277039,
        1.100157082080841,
        1.0996347665786743,
        1.0998974442481995,
        1.100137174129486,
        1.1006519198417664,
        1.1007676124572754,
        1.1007250547409058,
        1.1008352041244507,
        1.0998700857162476,
        1.099942922592163,
        1.1004998087882996,
        1.1004410982131958,
        1.1006107330322266,
        1.1005436182022095,
        1.1006898283958435
    ],
    "n": 92,
    "m": 4.026988932219394e-05,
    "extra_info": "",
    "time_base": 30,
    "end_time": "2023-11-29-11-10-17"
}