{
    "x_test": [
        1.09211,
        1.09223,
        1.09224,
        1.09235,
        1.09296,
        1.09219,
        1.09263,
        1.09186,
        1.09166,
        1.09166,
        1.09146,
        1.09161,
        1.09248,
        1.09192,
        1.09339,
        1.09367,
        1.09264,
        1.09261,
        1.09246,
        1.09226,
        1.09234,
        1.09294,
        1.0929,
        1.09263,
        1.0922,
        1.09405,
        1.09298,
        1.09382,
        1.09426,
        1.09443,
        1.09448,
        1.09376,
        1.09479,
        1.09453,
        1.0942,
        1.09465,
        1.09443,
        1.09417,
        1.09408,
        1.0938,
        1.0938,
        1.0942,
        1.09451,
        1.0944,
        1.09436,
        1.09454,
        1.09573,
        1.09522,
        1.09544,
        1.09596,
        1.0959,
        1.0963,
        1.09631,
        1.09588,
        1.09613,
        1.09557,
        1.09553,
        1.09583,
        1.09618,
        1.09539,
        1.0958,
        1.0946,
        1.0944,
        1.09436,
        1.09483,
        1.09454,
        1.09416,
        1.09389,
        1.09486,
        1.09482,
        1.09584,
        1.09449,
        1.09557,
        1.09529,
        1.09415,
        1.09342,
        1.09261,
        1.09229,
        1.09223,
        1.0921,
        1.09057,
        1.09082,
        1.09139,
        1.0915,
        1.09158,
        1.09118,
        1.0912,
        1.0911,
        1.09076,
        1.09107,
        1.09157,
        1.09166
    ],
    "x_hat": [
        1.09138,
        1.0916,
        1.09147,
        1.09143,
        1.09112,
        1.09137,
        1.0905,
        1.09073,
        1.08971,
        1.09004,
        1.09104,
        1.09142,
        1.09004,
        1.08854,
        1.08958,
        1.09025,
        1.0898,
        1.09009,
        1.09049,
        1.09,
        1.09038,
        1.09066,
        1.09154,
        1.08962,
        1.08762,
        1.0875,
        1.08613,
        1.08658,
        1.08681,
        1.08702,
        1.08818,
        1.08784,
        1.08854,
        1.08849,
        1.08854,
        1.08838,
        1.08848,
        1.08873,
        1.0889,
        1.0888,
        1.0885,
        1.08862,
        1.08868,
        1.08878,
        1.08894,
        1.0892,
        1.0893,
        1.0895,
        1.08975,
        1.09036,
        1.0902,
        1.0905,
        1.0902,
        1.0902,
        1.0903,
        1.09103,
        1.0912,
        1.09085,
        1.09122,
        1.09135,
        1.0908,
        1.09167,
        1.0908,
        1.09231,
        1.09183,
        1.0919,
        1.09178,
        1.09147,
        1.09048,
        1.09033,
        1.09,
        1.09017,
        1.0892,
        1.08962,
        1.09072,
        1.09095,
        1.0904,
        1.09058,
        1.09059,
        1.09058,
        1.09045,
        1.09029,
        1.09048,
        1.09036,
        1.09035,
        1.09055,
        1.0904,
        1.09027,
        1.0906,
        1.09061,
        1.0903,
        1.0902
    ],
    "y_test": null,
    "y_hat": [
        1.0902333157857242,
        1.090335505867003,
        1.0909790595372517,
        1.0914534727732341,
        1.091866095860799,
        1.091105620066325,
        1.090740482012431,
        1.0907175540924072,
        1.0913669268290203,
        1.0920655330022175,
        1.0926079352696736,
        1.093570073445638,
        1.0938405593236287,
        1.0943454106648762,
        1.0936642090479534,
        1.0940320094426472,
        1.0940078496932983,
        1.0946155389149983,
        1.0945978959401448,
        1.0941506226857503,
        1.0944625933965046,
        1.0942768653233845,
        1.0943933327992756,
        1.0938690900802612,
        1.094088355700175,
        1.0940550963083855,
        1.0940941174824985,
        1.0932077566782585,
        1.0926122665405273,
        1.0924834807713826,
        1.0921812852223713,
        1.0920383930206299,
        1.0914072593053181,
        1.0915826559066772,
        1.091577410697937,
        1.0916205247243245,
        1.0915054082870483,
        1.091471513112386,
        1.0914591153462727,
        1.0916931629180908,
        1.0916392008463542,
        1.0911786953608196,
        1.0914226373036702,
        1.0917197068532307,
        1.0919948021570842,
        1.0910311937332153,
        1.0900741418202717,
        1.0899349053700764
    ],
    "n": 92,
    "m": -1.853527778101631e-05,
    "extra_info": "",
    "time_base": 30,
    "end_time": "2023-11-24-14-58-18"
}