{
    "x_test": [
        1.24895,
        1.24923,
        1.24903,
        1.24919,
        1.24948,
        1.2494,
        1.24934,
        1.2493,
        1.24945,
        1.2493,
        1.24878,
        1.24922,
        1.24948,
        1.24928,
        1.24949,
        1.24969,
        1.2503,
        1.25004,
        1.25048,
        1.25037,
        1.25015,
        1.25032,
        1.25108,
        1.25125,
        1.25091,
        1.2515,
        1.25176,
        1.25235,
        1.25171,
        1.25105,
        1.25578,
        1.25472,
        1.25503,
        1.25595,
        1.25566,
        1.25496,
        1.25417,
        1.25384,
        1.25371,
        1.25293,
        1.2531,
        1.25344,
        1.25388,
        1.253,
        1.25347,
        1.25323,
        1.25312,
        1.25346,
        1.25344,
        1.25353,
        1.25341,
        1.25333,
        1.25336,
        1.25349,
        1.2531,
        1.253,
        1.25293,
        1.25326,
        1.25316,
        1.25359,
        1.25406,
        1.25348,
        1.25318,
        1.25245,
        1.25257,
        1.253,
        1.25346,
        1.25328,
        1.25375,
        1.25406,
        1.2543,
        1.25381,
        1.25375,
        1.25273,
        1.2532,
        1.2545,
        1.25593,
        1.25573,
        1.25492,
        1.25614,
        1.25637,
        1.25585,
        1.25681,
        1.25777,
        1.25744,
        1.2565,
        1.25771,
        1.25832,
        1.25982,
        1.25997,
        1.26127,
        1.26091
    ],
    "x_hat": [
        1.26087,
        1.2608,
        1.2607,
        1.2604,
        1.26098,
        1.26073,
        1.2602,
        1.26,
        1.2597,
        1.25936,
        1.2609,
        1.26024,
        1.25931,
        1.25979,
        1.25951,
        1.26043,
        1.26019,
        1.26065,
        1.2607,
        1.26102,
        1.26145,
        1.26158,
        1.26224,
        1.26173,
        1.26145,
        1.26075,
        1.26116,
        1.26084,
        1.2612,
        1.26228,
        1.2622,
        1.26346,
        1.26335,
        1.26375,
        1.26318,
        1.26252,
        1.26217,
        1.26144,
        1.26201,
        1.26052,
        1.26086,
        1.26102,
        1.26023,
        1.26036,
        1.26135,
        1.26192,
        1.26267,
        1.26321,
        1.26276,
        1.26291,
        1.26256,
        1.26261,
        1.26277,
        1.26254,
        1.26315,
        1.26333,
        1.26325,
        1.26343,
        1.26307,
        1.26342,
        1.26347,
        1.26368,
        1.26384,
        1.26307,
        1.26287,
        1.26299,
        1.26266,
        1.26248,
        1.2626,
        1.2626,
        1.26174,
        1.26118,
        1.26186,
        1.26267,
        1.26294,
        1.26277,
        1.26375,
        1.26352,
        1.26289,
        1.26197,
        1.26229,
        1.26167,
        1.26314,
        1.2642,
        1.26587,
        1.26517,
        1.26565,
        1.26823,
        1.26863,
        1.27003,
        1.27093,
        1.27019
    ],
    "y_test": [
        1.2593451567459084,
        1.2578223943710327,
        1.2571796774864197,
        1.2569652795791626,
        1.258076012134552,
        1.2578847408294678,
        1.2576196789741516,
        1.2587414979934692,
        1.2596620917320251,
        1.2591872215270996,
        1.2599648833274912,
        1.2597594261169505,
        1.2588083744049072,
        1.2581973671913147,
        1.2585826516151428,
        1.2602685689926147,
        1.2592291831970215,
        1.2590752243995667,
        1.2596166133880615,
        1.258615493774414,
        1.2583322525024414,
        1.259764015674591,
        1.2589606046676636,
        1.2594032883644104,
        1.2606125473976135,
        1.2604817748069763,
        1.2602210640907288,
        1.260192096233368,
        1.2604876160621643,
        1.258970856666565,
        1.2599366903305054,
        1.259714424610138,
        1.2601316571235657,
        1.2604895234107971,
        1.2595150470733643,
        1.2610830068588257,
        1.26047945022583,
        1.2601431012153625,
        1.2614988684654236,
        1.2599570155143738,
        1.2601131200790405,
        1.2612197399139404,
        1.259453296661377,
        1.259662926197052,
        1.2603142857551575,
        1.2597280144691467,
        1.2585435509681702,
        1.258146345615387
    ],
    "y_hat": [
        1.2701900002670286,
        1.2702998518943787,
        1.2702573537826538,
        1.2707621455192566,
        1.2713607549667358,
        1.2711451053619385,
        1.270214557647705,
        1.2699432373046875,
        1.270858108997345,
        1.271213650703423,
        1.2731902599334646,
        1.2730152606964111,
        1.2704104781150818,
        1.2697300910949707,
        1.270132303237915,
        1.2716308236122131,
        1.2721790075302124,
        1.2725188732147217,
        1.2734405398368835,
        1.272525668144226,
        1.2717713713645935,
        1.272484302520752,
        1.272333025932312,
        1.2731064558029175,
        1.2734073400497437,
        1.273547112941742,
        1.2736178636550903,
        1.2738609313964844,
        1.275008738040924,
        1.2735875248908997,
        1.2732232809066772,
        1.2727089524269104,
        1.272994041442871,
        1.2734172344207764,
        1.2717898488044739,
        1.2729262113571167,
        1.273963987827301,
        1.2748056650161743,
        1.2753980159759521,
        1.273088812828064,
        1.2738826274871826,
        1.275234878063202,
        1.2730950713157654,
        1.2727493643760681,
        1.2737432718276978,
        1.274139165878296,
        1.273109257221222,
        1.2727978825569153
    ],
    "n": 92,
    "m": 8.032999958830035e-05,
    "extra_info": "",
    "time_base": 30,
    "end_time": "2023-11-28-18-42-51"
}