{
    "x_test": [
        1.25503,
        1.25595,
        1.25566,
        1.25496,
        1.25417,
        1.25384,
        1.25371,
        1.25293,
        1.2531,
        1.25344,
        1.25388,
        1.253,
        1.25347,
        1.25323,
        1.25312,
        1.25346,
        1.25344,
        1.25353,
        1.25341,
        1.25333,
        1.25336,
        1.25349,
        1.2531,
        1.253,
        1.25293,
        1.25326,
        1.25316,
        1.25359,
        1.25406,
        1.25348,
        1.25318,
        1.25245,
        1.25257,
        1.253,
        1.25346,
        1.25328,
        1.25375,
        1.25406,
        1.2543,
        1.25381,
        1.25375,
        1.25273,
        1.2532,
        1.2545,
        1.25593,
        1.25573,
        1.25492,
        1.25614,
        1.25637,
        1.25585,
        1.25681,
        1.25777,
        1.25744,
        1.2565,
        1.25771,
        1.25832,
        1.25982,
        1.25997,
        1.26127,
        1.26091,
        1.25996,
        1.26005,
        1.26075,
        1.26059,
        1.26087,
        1.2608,
        1.2607,
        1.2604,
        1.26098,
        1.26073,
        1.2602,
        1.26,
        1.2597,
        1.25936,
        1.2609,
        1.26024,
        1.25931,
        1.25979,
        1.25951,
        1.26043,
        1.26019,
        1.26065,
        1.2607,
        1.26102,
        1.26145,
        1.26158,
        1.26224,
        1.26173,
        1.26145,
        1.26075,
        1.26116,
        1.26084
    ],
    "x_hat": [
        1.26335,
        1.26375,
        1.26318,
        1.26252,
        1.26217,
        1.26144,
        1.26201,
        1.26052,
        1.26086,
        1.26102,
        1.26023,
        1.26036,
        1.26135,
        1.26192,
        1.26267,
        1.26321,
        1.26276,
        1.26291,
        1.26256,
        1.26261,
        1.26277,
        1.26254,
        1.26315,
        1.26333,
        1.26325,
        1.26343,
        1.26307,
        1.26342,
        1.26347,
        1.26368,
        1.26384,
        1.26307,
        1.26287,
        1.26299,
        1.26266,
        1.26248,
        1.2626,
        1.2626,
        1.26174,
        1.26118,
        1.26186,
        1.26267,
        1.26294,
        1.26277,
        1.26375,
        1.26352,
        1.26289,
        1.26197,
        1.26229,
        1.26167,
        1.26314,
        1.2642,
        1.26587,
        1.26517,
        1.26565,
        1.26823,
        1.26863,
        1.27003,
        1.27093,
        1.27019,
        1.26844,
        1.26869,
        1.269,
        1.26985,
        1.26842,
        1.26939,
        1.26961,
        1.2693,
        1.2694,
        1.2695,
        1.27063,
        1.27121,
        1.27057,
        1.27159,
        1.27246,
        1.27179,
        1.27194,
        1.2719,
        1.27142,
        1.27074,
        1.27063,
        1.2712,
        1.271,
        1.27121,
        1.2716,
        1.27155,
        1.26993,
        1.2694,
        1.27019,
        1.2697,
        1.26853,
        1.26816
    ],
    "y_test": [
        1.2608588642311105,
        1.2611298561096191,
        1.2613434791564941,
        1.2611408829689026,
        1.2621376514434814,
        1.2622848749160767,
        1.2615944147109985,
        1.2628125548362732,
        1.2640515565872192,
        1.2640054225921702,
        1.2650700807571482,
        1.2645289301872253,
        1.2627655267715454,
        1.2623264789581299,
        1.2633551359176636,
        1.2652576565742493,
        1.2653098106384277,
        1.2652247548103333,
        1.2652321457862854,
        1.264044463634491,
        1.2642725110054016,
        1.2667139768600464,
        1.266175925731659,
        1.265973448753357,
        1.2668583989143372,
        1.267312467098236,
        1.267666220664978,
        1.2679867148399353,
        1.268196940422058,
        1.2663590908050537,
        1.2672871351242065,
        1.2665051817893982,
        1.266991913318634,
        1.2689438462257385,
        1.2681267857551575,
        1.2690049409866333,
        1.2678755521774292,
        1.2677201628684998,
        1.2695597410202026,
        1.2681268453598022,
        1.2687439322471619,
        1.2699704766273499,
        1.2678470611572266,
        1.268525779247284,
        1.2695828676223755,
        1.2685405611991882,
        1.2666005492210388,
        1.266409695148468
    ],
    "y_hat": [
        1.268159992771146,
        1.2677757143974304,
        1.2667797207832336,
        1.2666544318199158,
        1.2672669291496277,
        1.2670664191246033,
        1.2663832902908325,
        1.267339289188385,
        1.2676379084587097,
        1.2672318816184998,
        1.2693641781806946,
        1.269168496131897,
        1.2672030329704285,
        1.266407072544098,
        1.2669810056686401,
        1.2688937187194824,
        1.2693231105804443,
        1.2689327597618103,
        1.2695291638374329,
        1.2690389156341553,
        1.2684259414672852,
        1.2688578367233276,
        1.2683761715888977,
        1.2686520218849182,
        1.2690192461013794,
        1.2698497772216797,
        1.2695420384407043,
        1.2696660161018372,
        1.2703372836112976,
        1.2689282894134521,
        1.2690860629081726,
        1.2691104412078857,
        1.2696223855018616,
        1.2701412439346313,
        1.2696162462234497,
        1.271009385585785,
        1.2713676691055298,
        1.2715777158737183,
        1.2721869349479675,
        1.2708561420440674,
        1.272046685218811,
        1.2726711630821228,
        1.270344853401184,
        1.270656406879425,
        1.2713747024536133,
        1.2708378434181213,
        1.2701700925827026,
        1.2706661224365234
    ],
    "n": 92,
    "m": 9.926303807000627e-05,
    "extra_info": "",
    "time_base": 30,
    "end_time": "2023-11-29-11-00-25"
}