{
    "x_test": [
        0.6046,
        0.60508,
        0.60491,
        0.60451,
        0.6037,
        0.60424,
        0.60438,
        0.60394,
        0.60431,
        0.60427,
        0.60452,
        0.60461,
        0.6048,
        0.6045,
        0.60454,
        0.60442,
        0.6042,
        0.60466,
        0.60454,
        0.6045,
        0.6043,
        0.60468,
        0.6045,
        0.6047,
        0.60484,
        0.6045,
        0.6045,
        0.60517,
        0.60545,
        0.60499,
        0.60536,
        0.60493,
        0.60469,
        0.60487,
        0.60495,
        0.60499,
        0.60539,
        0.6053,
        0.60585,
        0.60548,
        0.60558,
        0.60513,
        0.6051,
        0.6057,
        0.60598,
        0.60595,
        0.6051,
        0.60599,
        0.6059,
        0.6065,
        0.60639,
        0.60758,
        0.60681,
        0.60623,
        0.60683,
        0.60693,
        0.6078,
        0.608,
        0.60845,
        0.60833,
        0.60804,
        0.60798,
        0.60828,
        0.60828,
        0.60831,
        0.6085,
        0.60825,
        0.60811,
        0.60865,
        0.6082,
        0.6073,
        0.6073,
        0.60786,
        0.60763,
        0.60909,
        0.60862,
        0.60687,
        0.60658,
        0.6058,
        0.60658,
        0.60637,
        0.60652,
        0.60684,
        0.60668,
        0.60708,
        0.60733,
        0.60823,
        0.60806,
        0.60876,
        0.60891,
        0.60844,
        0.60776
    ],
    "x_hat": [
        0.60947,
        0.60977,
        0.6097,
        0.6092,
        0.60865,
        0.60818,
        0.60912,
        0.60904,
        0.60859,
        0.60872,
        0.60831,
        0.60855,
        0.60902,
        0.60968,
        0.61022,
        0.61029,
        0.61,
        0.6099,
        0.60976,
        0.60973,
        0.60954,
        0.60925,
        0.6097,
        0.61026,
        0.61019,
        0.61032,
        0.61017,
        0.61068,
        0.61093,
        0.61062,
        0.61069,
        0.61,
        0.61004,
        0.61,
        0.61011,
        0.60971,
        0.61011,
        0.61015,
        0.60904,
        0.60913,
        0.60852,
        0.60857,
        0.60915,
        0.60923,
        0.60939,
        0.6089,
        0.60952,
        0.60917,
        0.60967,
        0.60911,
        0.60968,
        0.61025,
        0.61127,
        0.61084,
        0.61127,
        0.61328,
        0.61378,
        0.61409,
        0.61425,
        0.61304,
        0.61252,
        0.61254,
        0.61306,
        0.61384,
        0.61278,
        0.61305,
        0.61343,
        0.61356,
        0.61291,
        0.613,
        0.6146,
        0.61452,
        0.61388,
        0.61497,
        0.6196,
        0.6188,
        0.61926,
        0.61943,
        0.61883,
        0.61892,
        0.61934,
        0.61971,
        0.61921,
        0.61922,
        0.61836,
        0.61856,
        0.61764,
        0.61595,
        0.61632,
        0.61685,
        0.61536,
        0.6153
    ],
    "y_test": [
        0.609192037467956,
        0.610913097858429,
        0.6092329621315002,
        0.6082849204540253,
        0.6093376874923706,
        0.609675794839859,
        0.61019366979599,
        0.6102776825428009,
        0.6104997396469116,
        0.6096470952033997,
        0.6083753108978271,
        0.6081508696079254,
        0.6077652275562286,
        0.6079712510108948,
        0.6086715757846832,
        0.6081483960151672,
        0.6077871918678284,
        0.6082596778869629,
        0.6070488095283508,
        0.6067752838134766,
        0.6066716313362122,
        0.6061539947986603,
        0.6062615513801575,
        0.6065839231014252,
        0.6069791913032532,
        0.6064797043800354,
        0.6072703003883362,
        0.6074308454990387,
        0.6070866286754608,
        0.6064114570617676,
        0.6059488356113434,
        0.6068894565105438,
        0.607546478509903,
        0.6077519357204437,
        0.6067997515201569,
        0.6062114536762238,
        0.6063234508037567,
        0.6056453883647919,
        0.6058122515678406,
        0.6063803136348724,
        0.6056995987892151,
        0.6060090363025665,
        0.6073077321052551,
        0.6076875925064087,
        0.6063181161880493,
        0.6064592003822327,
        0.6071436703205109,
        0.606783390045166
    ],
    "y_hat": [
        0.6152999998569477,
        0.6144791841506958,
        0.6135629713535309,
        0.6139130890369415,
        0.6140744388103485,
        0.6142253577709198,
        0.6146564185619354,
        0.6143427789211273,
        0.6145041286945343,
        0.6139291822910309,
        0.6126698553562164,
        0.6125473082065582,
        0.6116854846477509,
        0.6113553643226624,
        0.6124028563499451,
        0.6124975085258484,
        0.6117676198482513,
        0.6117577850818634,
        0.6111795902252197,
        0.6104553639888763,
        0.6109305322170258,
        0.610984206199646,
        0.6106936633586884,
        0.6108419597148895,
        0.6105974018573761,
        0.6099763214588165,
        0.6107946336269379,
        0.6115105748176575,
        0.611087828874588,
        0.6107468903064728,
        0.6107712686061859,
        0.6108658015727997,
        0.6108448207378387,
        0.6109184324741364,
        0.6106007695198059,
        0.6105711162090302,
        0.6118383705615997,
        0.6113159954547882,
        0.6100820600986481,
        0.6103967726230621,
        0.6107933521270752,
        0.6108758747577667,
        0.6113165616989136,
        0.6119095385074615,
        0.6117683053016663,
        0.611990213394165,
        0.6124228835105896,
        0.6120894551277161
    ],
    "n": 92,
    "m": -6.818026178979367e-05,
    "extra_info": "",
    "time_base": 30,
    "end_time": "2023-11-29-11-00-29"
}